{"data_time": 0.07030594744719565, "eta_seconds": 5348.562608190114, "fast_rcnn/cls_accuracy": 0.1318359375, "fast_rcnn/false_negative": 0.1467388772420219, "fast_rcnn/fg_cls_accuracy": 0.07301048279935037, "iteration": 19, "loss_box_reg": 0.4559793025255203, "loss_cls": 2.4037972688674927, "loss_mask": 0.6932805478572845, "loss_rpn_cls": 0.1755385771393776, "loss_rpn_loc": 0.07286033779382706, "lr": 3.9962e-06, "mask_rcnn/accuracy": 0.44013988566025875, "mask_rcnn/false_negative": 0.8501073039881434, "mask_rcnn/false_positive": 0.21465804795874682, "rank_data_time": 0.07030594744719565, "roi_head/num_bg_samples": 443.6875, "roi_head/num_fg_samples": 68.3125, "rpn/num_neg_anchors": 217.75, "rpn/num_pos_anchors": 38.25, "time": 0.5359281170531176, "total_loss": 3.8144283182919025}
